act7,DATAKEY35510
act6,DATAKEY31303
act0,DATAKEY13
act2,DATAKEY9430
act1,DATAKEY6939
act4,DATAKEY19722
act0,DATAKEY3548
act9,DATAKEY44314
act5,DATAKEY23705
act4,DATAKEY21822
act1,DATAKEY8607
act6,DATAKEY31752
act4,DATAKEY18485
act6,DATAKEY29607
act7,DATAKEY34858
act6,DATAKEY30555
act2,DATAKEY10374
act4,DATAKEY21098
act0,DATAKEY2719
act8,DATAKEY39096
act4,DATAKEY22091
act1,DATAKEY5805
act8,DATAKEY38174
act4,DATAKEY21709
act0,DATAKEY2360
act1,DATAKEY6395
act4,DATAKEY20537
act0,DATAKEY2363
act6,DATAKEY28350
act8,DATAKEY41134
act8,DATAKEY39633
act4,DATAKEY21899
act7,DATAKEY32221
act0,DATAKEY1306
act6,DATAKEY29136
act4,DATAKEY21184
act8,DATAKEY36739
act9,DATAKEY45052
act1,DATAKEY8156
act6,DATAKEY27926
act1,DATAKEY6300
act9,DATAKEY44936
act0,DATAKEY1105
act2,DATAKEY12618
act9,DATAKEY45106
act0,DATAKEY1936
act3,DATAKEY15307
act5,DATAKEY26407
act9,DATAKEY44223
act5,DATAKEY26486
act5,DATAKEY23592
act0,DATAKEY2289
act6,DATAKEY31668
act9,DATAKEY42124
act3,DATAKEY17869
act7,DATAKEY32957
act1,DATAKEY8361
act8,DATAKEY38478
act9,DATAKEY44339
act5,DATAKEY24701
act2,DATAKEY12718
act0,DATAKEY4466
act4,DATAKEY21460
act1,DATAKEY7170
act2,DATAKEY10676
act0,DATAKEY1320
act8,DATAKEY40273
act9,DATAKEY42742
act4,DATAKEY20196
act3,DATAKEY18222
act9,DATAKEY43871
act2,DATAKEY9527
act6,DATAKEY28051
act9,DATAKEY44842
act3,DATAKEY16167
act2,DATAKEY12420
act2,DATAKEY13379
act0,DATAKEY1123
act6,DATAKEY28116
act0,DATAKEY4086
act5,DATAKEY27292
act2,DATAKEY11081
act0,DATAKEY1578
act9,DATAKEY43434
act4,DATAKEY21321
act9,DATAKEY45408
act5,DATAKEY23356
act5,DATAKEY26186
act6,DATAKEY28578
act0,DATAKEY2424
act9,DATAKEY45333
act1,DATAKEY8984
act8,DATAKEY37826
act2,DATAKEY11898
act7,DATAKEY32715
act4,DATAKEY21083
act2,DATAKEY13491
act4,DATAKEY18557
act0,DATAKEY576
act8,DATAKEY39106
act5,DATAKEY27512
act5,DATAKEY24520
act1,DATAKEY7421
act0,DATAKEY750
act7,DATAKEY32504
act6,DATAKEY28195
act2,DATAKEY12004
act1,DATAKEY4721
act0,DATAKEY1513
act0,DATAKEY3095
act6,DATAKEY29358
act5,DATAKEY26286
act0,DATAKEY771
act2,DATAKEY10132
act8,DATAKEY39606
act0,DATAKEY3800
act0,DATAKEY4485
act2,DATAKEY9449
act1,DATAKEY9103
act5,DATAKEY26719
act1,DATAKEY8669
act2,DATAKEY13332
act7,DATAKEY33163
act8,DATAKEY40437
act5,DATAKEY25531
act6,DATAKEY28204
act9,DATAKEY44558
act9,DATAKEY44196
act7,DATAKEY35976
act0,DATAKEY4223
act4,DATAKEY20238
act6,DATAKEY29910
act9,DATAKEY45057
act7,DATAKEY35331
act9,DATAKEY45036
act8,DATAKEY40340
act2,DATAKEY13615
act4,DATAKEY21855
act1,DATAKEY5893
act7,DATAKEY35990
act0,DATAKEY2549
act6,DATAKEY31372
act5,DATAKEY24327
act4,DATAKEY22866
act8,DATAKEY38501
act0,DATAKEY877
act2,DATAKEY9508
act7,DATAKEY35070
act4,DATAKEY21346
act7,DATAKEY34798
act0,DATAKEY265
act1,DATAKEY5378
act1,DATAKEY5870
act3,DATAKEY16457
act7,DATAKEY33323
act9,DATAKEY41671
act6,DATAKEY31268
act5,DATAKEY26700
act6,DATAKEY29740
act8,DATAKEY37907
act0,DATAKEY4389
act2,DATAKEY9227
act2,DATAKEY12028
act0,DATAKEY3178
act4,DATAKEY18518
act9,DATAKEY43016
act2,DATAKEY10617
act3,DATAKEY18225
act0,DATAKEY4165
act9,DATAKEY44602
act2,DATAKEY12108
act2,DATAKEY9780
act9,DATAKEY43008
act0,DATAKEY4093
act8,DATAKEY39096
act6,DATAKEY31440
act1,DATAKEY5194
act2,DATAKEY13007
act5,DATAKEY24193
act6,DATAKEY31545
act6,DATAKEY28027
act5,DATAKEY26122
act9,DATAKEY44696
act5,DATAKEY27370
act9,DATAKEY43776
act4,DATAKEY21033
act5,DATAKEY27090
act0,DATAKEY878
act7,DATAKEY32247
act5,DATAKEY24127
act5,DATAKEY23246
act3,DATAKEY17372
act7,DATAKEY35064
act1,DATAKEY4659
act5,DATAKEY23488
act6,DATAKEY30048
act8,DATAKEY39124
act5,DATAKEY23661
act2,DATAKEY12648
act8,DATAKEY41066
act5,DATAKEY24311
act5,DATAKEY25690
act1,DATAKEY5683
act5,DATAKEY27349
act4,DATAKEY19532
act1,DATAKEY5129
act9,DATAKEY45328
act9,DATAKEY44499
act8,DATAKEY41016
act9,DATAKEY44643
act7,DATAKEY34907
act1,DATAKEY7737
act0,DATAKEY374
act8,DATAKEY37466
act6,DATAKEY27664
act4,DATAKEY22158
act6,DATAKEY30289
act3,DATAKEY16043
act7,DATAKEY36604
act2,DATAKEY11195
act9,DATAKEY45667
act7,DATAKEY34825
act2,DATAKEY12487
act8,DATAKEY39448
act4,DATAKEY21303
act3,DATAKEY17148
act5,DATAKEY24054
act4,DATAKEY18880
act1,DATAKEY9115
act7,DATAKEY35043
act3,DATAKEY16115
act3,DATAKEY14509
act2,DATAKEY10059
act5,DATAKEY24257
act4,DATAKEY18973
act3,DATAKEY15770
act2,DATAKEY12585
act6,DATAKEY28584
act8,DATAKEY40434
act3,DATAKEY16192
act0,DATAKEY2221
act5,DATAKEY27501
act6,DATAKEY30180
act4,DATAKEY20340
act9,DATAKEY43336
act6,DATAKEY30001
act8,DATAKEY39668
act0,DATAKEY3460
act4,DATAKEY18405
act3,DATAKEY15156
act6,DATAKEY31673
act1,DATAKEY6677
act4,DATAKEY20824
act2,DATAKEY9498
act9,DATAKEY44521
act9,DATAKEY45087
act3,DATAKEY15899
act8,DATAKEY40026
act8,DATAKEY37592
act9,DATAKEY44158
act5,DATAKEY22943
act2,DATAKEY9848
act1,DATAKEY5449
act1,DATAKEY5528
act5,DATAKEY24212
act2,DATAKEY9720
act1,DATAKEY5199
act5,DATAKEY26248
act9,DATAKEY41691
act6,DATAKEY28146
act9,DATAKEY45666
act9,DATAKEY44705
act2,DATAKEY12656
act2,DATAKEY9737
act9,DATAKEY43130
act6,DATAKEY28754
act4,DATAKEY22348
act1,DATAKEY9001
act3,DATAKEY16397
act7,DATAKEY34233
act5,DATAKEY23173
act9,DATAKEY44461
act3,DATAKEY14944
act7,DATAKEY35271
act9,DATAKEY45139
act8,DATAKEY41241
act0,DATAKEY769
act1,DATAKEY6446
act2,DATAKEY13451
act5,DATAKEY23641
act2,DATAKEY11811
act5,DATAKEY23943
act8,DATAKEY38951
act0,DATAKEY3834
act7,DATAKEY34679
act0,DATAKEY582
act5,DATAKEY25454
act9,DATAKEY45142
act0,DATAKEY4472
act9,DATAKEY42003
act5,DATAKEY24137
act3,DATAKEY15457
act6,DATAKEY31893
act6,DATAKEY30460
act0,DATAKEY2216
act8,DATAKEY41027
act7,DATAKEY35897
act0,DATAKEY3309
act4,DATAKEY19945
act1,DATAKEY4836
act7,DATAKEY35572
act6,DATAKEY27593
act9,DATAKEY42748
act9,DATAKEY44082
act5,DATAKEY22940
act9,DATAKEY42903
act6,DATAKEY29717
act9,DATAKEY45206
act3,DATAKEY18112
act0,DATAKEY4056
act6,DATAKEY31999
act6,DATAKEY29311
act0,DATAKEY187
act5,DATAKEY23556
act9,DATAKEY43948
act8,DATAKEY39107
act7,DATAKEY34983
act2,DATAKEY12243
act2,DATAKEY13429
act8,DATAKEY38698
act1,DATAKEY6591
act6,DATAKEY27645
act0,DATAKEY531
act2,DATAKEY12680
act5,DATAKEY23000
act6,DATAKEY30547
act7,DATAKEY36114
act2,DATAKEY12137
act7,DATAKEY36345
act8,DATAKEY38774
act4,DATAKEY19777
act5,DATAKEY26171
act9,DATAKEY41936
act9,DATAKEY43211
act5,DATAKEY25525
act7,DATAKEY34533
act0,DATAKEY805
act8,DATAKEY38669
act0,DATAKEY4524
act2,DATAKEY13247
act6,DATAKEY31117
act1,DATAKEY8157
act5,DATAKEY25954
act1,DATAKEY4696
act2,DATAKEY9684
act2,DATAKEY10018
act3,DATAKEY14810
act2,DATAKEY13026
act4,DATAKEY18839
act0,DATAKEY3229
act2,DATAKEY13193
act7,DATAKEY33734
act1,DATAKEY8394
act7,DATAKEY33335
act3,DATAKEY14724
act4,DATAKEY21475
act3,DATAKEY17629
act8,DATAKEY40587
act5,DATAKEY27486
act3,DATAKEY15462
act2,DATAKEY13166
act6,DATAKEY28820
act7,DATAKEY33125
act5,DATAKEY24805
act1,DATAKEY7348
act2,DATAKEY10169
act1,DATAKEY8769
act2,DATAKEY12142
act2,DATAKEY10327
act1,DATAKEY7568
act4,DATAKEY19577
act3,DATAKEY16214
act6,DATAKEY30276
act9,DATAKEY42131
act0,DATAKEY3071
act1,DATAKEY8619
act5,DATAKEY26645
act5,DATAKEY25333
act0,DATAKEY2987
act0,DATAKEY3206
act6,DATAKEY30717
act0,DATAKEY1033
act5,DATAKEY26250
act7,DATAKEY34652
act5,DATAKEY23128
act4,DATAKEY22765
act2,DATAKEY10390
act2,DATAKEY10884
act3,DATAKEY16820
act7,DATAKEY35839
act9,DATAKEY43725
act8,DATAKEY39506
act2,DATAKEY9675
act6,DATAKEY28075
act1,DATAKEY7160
act7,DATAKEY36646
act6,DATAKEY31656
act7,DATAKEY34008
act0,DATAKEY4531
act6,DATAKEY29501
act6,DATAKEY29772
act9,DATAKEY44051
act9,DATAKEY42598
act4,DATAKEY21132
act0,DATAKEY3291
act0,DATAKEY3646
act0,DATAKEY4069
act7,DATAKEY34783
act5,DATAKEY24582
act3,DATAKEY13832
act7,DATAKEY36558
act5,DATAKEY24457
act7,DATAKEY34480
act8,DATAKEY40146
act5,DATAKEY26701
act2,DATAKEY10697
act9,DATAKEY43523
act4,DATAKEY22169
act4,DATAKEY19468
act2,DATAKEY12849
act7,DATAKEY33564
act4,DATAKEY21232
act7,DATAKEY32885
act0,DATAKEY528
act7,DATAKEY35653
act9,DATAKEY44861
act6,DATAKEY28396
act2,DATAKEY11254
act7,DATAKEY35103
act1,DATAKEY7996
act4,DATAKEY22776
act5,DATAKEY25888
act7,DATAKEY35798
act3,DATAKEY15744
act3,DATAKEY15736
act7,DATAKEY35319
act1,DATAKEY6105
act6,DATAKEY31821
act8,DATAKEY38395
act3,DATAKEY16310
act2,DATAKEY11778
act6,DATAKEY30804
act1,DATAKEY8476
act7,DATAKEY34809
act4,DATAKEY22502
act0,DATAKEY1589
act8,DATAKEY37981
act6,DATAKEY28069
act0,DATAKEY2955
act7,DATAKEY33812
act6,DATAKEY30884
act4,DATAKEY20785
act5,DATAKEY23916
act0,DATAKEY368
act0,DATAKEY2953
act9,DATAKEY41418
act0,DATAKEY205
act5,DATAKEY26940
act2,DATAKEY9595
act8,DATAKEY39306
act0,DATAKEY4573
act6,DATAKEY30708
act9,DATAKEY43130
act0,DATAKEY4091
act9,DATAKEY41508
act3,DATAKEY16199
act2,DATAKEY12546
act8,DATAKEY40559
act1,DATAKEY8642
act0,DATAKEY2353
act3,DATAKEY15018
act0,DATAKEY3695
act8,DATAKEY37801
act9,DATAKEY44498
act8,DATAKEY36925
act4,DATAKEY22008
act7,DATAKEY33314
act4,DATAKEY21276
act2,DATAKEY12414
act8,DATAKEY40223
act0,DATAKEY2972
act3,DATAKEY17047
act9,DATAKEY44718
act9,DATAKEY42568
act1,DATAKEY8307
act1,DATAKEY5529
act3,DATAKEY17746
act2,DATAKEY13088
act8,DATAKEY40595
act3,DATAKEY17644
act8,DATAKEY38227
act7,DATAKEY34983
act4,DATAKEY22864
act0,DATAKEY4419
act1,DATAKEY7833
act3,DATAKEY15352
act8,DATAKEY40603
act4,DATAKEY22505
act4,DATAKEY19016
act1,DATAKEY7903
act9,DATAKEY45030
act7,DATAKEY34673
act3,DATAKEY17762
act3,DATAKEY15797
act3,DATAKEY18152
act7,DATAKEY34819
act6,DATAKEY31136
act4,DATAKEY19167
act1,DATAKEY6930
act0,DATAKEY4174
act4,DATAKEY21259
act9,DATAKEY42834
act6,DATAKEY27730
act7,DATAKEY33351
act8,DATAKEY38769
act9,DATAKEY45677
act3,DATAKEY14246
act0,DATAKEY2360
act6,DATAKEY30917
act2,DATAKEY9388
act4,DATAKEY18737
act5,DATAKEY27444
act2,DATAKEY12249
act5,DATAKEY26122
act1,DATAKEY6928
act8,DATAKEY39563
act8,DATAKEY40202
act4,DATAKEY20758
act8,DATAKEY40536
act8,DATAKEY40351
act0,DATAKEY1997
act5,DATAKEY23533
act4,DATAKEY21658
act7,DATAKEY36565
act6,DATAKEY28593
act9,DATAKEY44073
act8,DATAKEY39605
act6,DATAKEY28569
act0,DATAKEY2943
act8,DATAKEY39749
act3,DATAKEY16019
act0,DATAKEY3052
act8,DATAKEY41161
act1,DATAKEY7294
act4,DATAKEY22242
act5,DATAKEY25333
act0,DATAKEY1320
act9,DATAKEY41938
act4,DATAKEY18428
act0,DATAKEY2961
act7,DATAKEY34288
act3,DATAKEY18142
act6,DATAKEY30557
act8,DATAKEY38122
act6,DATAKEY30251
act5,DATAKEY25820
act9,DATAKEY44714
act0,DATAKEY2413
act3,DATAKEY17063
act3,DATAKEY16725
act0,DATAKEY3376
act5,DATAKEY27497
act9,DATAKEY44505
act1,DATAKEY7599
act3,DATAKEY15563
act2,DATAKEY12322
act7,DATAKEY33732
act7,DATAKEY32255
act1,DATAKEY6549
act1,DATAKEY5936
act0,DATAKEY4185
act2,DATAKEY12457
act6,DATAKEY28772
act3,DATAKEY15174
act8,DATAKEY41181
act9,DATAKEY44616
act3,DATAKEY16643
act2,DATAKEY13046
act4,DATAKEY19447
act6,DATAKEY27576
act2,DATAKEY9328
act9,DATAKEY42976
act2,DATAKEY10279
act2,DATAKEY12212
act8,DATAKEY39688
act9,DATAKEY44323
act6,DATAKEY30255
act7,DATAKEY34820
act5,DATAKEY25854
act4,DATAKEY19133
act4,DATAKEY18806
act4,DATAKEY21992
act7,DATAKEY32229
act0,DATAKEY1005
act8,DATAKEY39883
act5,DATAKEY24698
act1,DATAKEY7879
act7,DATAKEY32138
act9,DATAKEY43898
act5,DATAKEY24056
act8,DATAKEY37082
act9,DATAKEY43211
act6,DATAKEY28898
act7,DATAKEY35605
act7,DATAKEY36278
act1,DATAKEY7274
act2,DATAKEY12117
act8,DATAKEY39516
act3,DATAKEY15667
act6,DATAKEY30850
act9,DATAKEY42142
act6,DATAKEY30611
act7,DATAKEY32197
act0,DATAKEY1987
act8,DATAKEY39852
act2,DATAKEY10360
act3,DATAKEY18307
act2,DATAKEY9855
act0,DATAKEY1633
act8,DATAKEY39096
act8,DATAKEY37999
act8,DATAKEY39220
act6,DATAKEY31315
act5,DATAKEY24758
act7,DATAKEY36012
act4,DATAKEY21702
act8,DATAKEY41192
act0,DATAKEY1042
act6,DATAKEY31007
act4,DATAKEY21774
act7,DATAKEY33737
act6,DATAKEY30594
act3,DATAKEY14402
act6,DATAKEY29661
act2,DATAKEY11322
act3,DATAKEY13878
act3,DATAKEY15038
act7,DATAKEY33693
act8,DATAKEY38815
act5,DATAKEY25693
act0,DATAKEY1387
act2,DATAKEY9756
act6,DATAKEY29264
act2,DATAKEY13296
act3,DATAKEY18211
act6,DATAKEY30185
act5,DATAKEY22979
act8,DATAKEY38882
act3,DATAKEY18253
act4,DATAKEY19119
act5,DATAKEY26354
act1,DATAKEY7762
act3,DATAKEY14593
act3,DATAKEY16336
act0,DATAKEY2594
act7,DATAKEY34217
act8,DATAKEY40149
act7,DATAKEY33555
act3,DATAKEY17568
act4,DATAKEY22562
act1,DATAKEY8937
act3,DATAKEY14549
act2,DATAKEY10747
act8,DATAKEY39365
act7,DATAKEY33366
act5,DATAKEY25505
act6,DATAKEY27747
act7,DATAKEY32406
act9,DATAKEY43582
act8,DATAKEY36862
act6,DATAKEY32051
act1,DATAKEY5295
act8,DATAKEY37985
act2,DATAKEY13033
act8,DATAKEY39582
act3,DATAKEY16969
act8,DATAKEY38815
act4,DATAKEY19078
act3,DATAKEY16303
act6,DATAKEY28374
act9,DATAKEY43675
act4,DATAKEY21742
act0,DATAKEY2854
act9,DATAKEY41331
act9,DATAKEY44431
act4,DATAKEY20553
act0,DATAKEY4158
act3,DATAKEY14927
act6,DATAKEY29007
act6,DATAKEY28799
act7,DATAKEY36105
act6,DATAKEY29181
act8,DATAKEY40677
act3,DATAKEY17521
act8,DATAKEY37357
act8,DATAKEY39010
act1,DATAKEY4707
act3,DATAKEY17014
act1,DATAKEY9058
act8,DATAKEY37798
act5,DATAKEY27402
act8,DATAKEY38539
act1,DATAKEY6441
act3,DATAKEY15519
act1,DATAKEY4951
act5,DATAKEY26666
act7,DATAKEY36633
act0,DATAKEY4276
act4,DATAKEY22154
act3,DATAKEY14244
act5,DATAKEY25148
act9,DATAKEY41776
act5,DATAKEY25921
act7,DATAKEY36060
act3,DATAKEY16097
act1,DATAKEY8247
act7,DATAKEY33300
act1,DATAKEY4718
act7,DATAKEY32695
act4,DATAKEY21940
act5,DATAKEY23702
act9,DATAKEY41776
act6,DATAKEY30904
act4,DATAKEY22366
act8,DATAKEY41214
act4,DATAKEY20783
act3,DATAKEY17493
act3,DATAKEY15002
act0,DATAKEY1926
act3,DATAKEY16437
act5,DATAKEY26490
act0,DATAKEY2767
act0,DATAKEY1169
act2,DATAKEY9558
act6,DATAKEY31023
act2,DATAKEY9979
act4,DATAKEY22746
act0,DATAKEY2537
act7,DATAKEY33475
act6,DATAKEY27956
act2,DATAKEY12001
act7,DATAKEY33530
act6,DATAKEY30262
act8,DATAKEY37234
act5,DATAKEY24562
act9,DATAKEY43670
act4,DATAKEY22198
act6,DATAKEY28668
act9,DATAKEY43535
act7,DATAKEY34118
act4,DATAKEY21141
act8,DATAKEY39286
act5,DATAKEY24312
act8,DATAKEY37085
act4,DATAKEY19854
act9,DATAKEY42868
act7,DATAKEY34772
act7,DATAKEY33674
act3,DATAKEY14504
act2,DATAKEY11265
act2,DATAKEY10880
act1,DATAKEY7156
act2,DATAKEY10805
act8,DATAKEY40716
act0,DATAKEY4089
act9,DATAKEY44771
act2,DATAKEY10689
act6,DATAKEY30260
act2,DATAKEY9665
act2,DATAKEY12744
act3,DATAKEY18062
act1,DATAKEY5278
act4,DATAKEY21822
act6,DATAKEY29762
act6,DATAKEY28554
act6,DATAKEY31012
act5,DATAKEY23953
act7,DATAKEY34043
act8,DATAKEY36905
act7,DATAKEY35829
act9,DATAKEY41528
act6,DATAKEY30153
act6,DATAKEY28915
act7,DATAKEY33103
act7,DATAKEY34169
act5,DATAKEY23888
act3,DATAKEY15228
act7,DATAKEY32245
act7,DATAKEY32117
act7,DATAKEY34327
act0,DATAKEY459
act3,DATAKEY16635
act1,DATAKEY5378
act1,DATAKEY6542
act0,DATAKEY1458
act2,DATAKEY9952
act5,DATAKEY26947
act7,DATAKEY34394
act2,DATAKEY13252
act1,DATAKEY6790
act3,DATAKEY14394
act8,DATAKEY37672
act1,DATAKEY5901
act0,DATAKEY2442
act1,DATAKEY7161
act6,DATAKEY31184
act7,DATAKEY36457
act1,DATAKEY6929
act0,DATAKEY2745
act2,DATAKEY13695
act7,DATAKEY33263
act8,DATAKEY38409
act5,DATAKEY23224
act2,DATAKEY12271
act5,DATAKEY23787
act2,DATAKEY13097
act8,DATAKEY37495
act2,DATAKEY13054
act7,DATAKEY33469
act9,DATAKEY41942
act1,DATAKEY5845
